{"cameraMode":{"drawMode":0,"name":"Shaded","section":"Shading Mode"},"sceneLighting":true,"audioPlay":false,"sceneViewState":{"showFog":true,"showMaterialUpdate":false,"showSkybox":true,"showFlares":true,"showImageEffects":true,"showParticleSystems":true},"in2DMode":false,"pivot":{"x":-0.07000000029802323,"y":8.369999885559082,"z":-12.649999618530274},"rotation":{"x":0.2637636959552765,"y":0.16253748536109925,"z":-0.04514114931225777,"w":0.949722409248352},"size":17.04898452758789,"orthographic":false}